Workbook

Sheet README
A1: Bài intermediate 02 — Pivot table và chart trên Bike Sharing
A3: Nguồn dữ liệu | B3: Bike Sharing Dataset (UCI Machine Learning Repository, Fanaee-T & Gama, 2013), https://archive.ics.uci.edu/dataset/275/bike+sharing+dataset — giấy phép CC BY 4.0
A4: Trích mẫu | B4: Days: toàn bộ day.csv (731 ngày, 01/01/2011–31/12/2012), giữ 12 cột; temp đã chuẩn hoá (chia cho 41 °C).
A5: Giấy phép | B5: CC BY 4.0: được chia sẻ và chỉnh sửa, phải ghi nguồn như trên. Trích mẫu này chỉ để học.
A6: Quy ước | B6: Ô nền vàng là ô TODO: điền CÔNG THỨC (bắt đầu bằng =), không gõ số. Test đọc cả công thức lẫn giá trị.
A7: Lưu tệp | B7: LibreOffice: File > Save, chọn 'Use Excel 2007-365!' (giữ định dạng .xlsx). Excel: Ctrl+S.
A8: Chạy test | B8: uv run pytest <thư mục bài> -q (xem lệnh trong đề bài trên app)
A10: Việc cần làm | B10: 1. Days!M: Year = YEAR(dteday) cho mọi dòng.
B11: 2. Tạo pivot table trên một sheet mới tên Pivot: Row = mnth, Column = Year, Values = Sum of cnt (Insert/Data > Pivot Table).
B12: 3. YoY!B2:D14: SUMIFS theo Year và mnth, tăng trưởng = 2012/2011 - 1; dòng 14 là cả năm. Số phải khớp pivot.
B13: 4. Vẽ một chart (cột hoặc đường) so sánh lượt thuê theo tháng của 2011 và 2012 (2 series), đặt trên sheet YoY hoặc Pivot.
B14: 5. Lưu .xlsx (giữ định dạng Excel) rồi chạy test.

Sheet Days
A1: dteday | B1: season | C1: yr | D1: mnth | E1: holiday | F1: weekday | G1: workingday | H1: weathersit | I1: temp | J1: casual | K1: registered | L1: cnt | M1: Year
A2: 40544 | B2: 1 | C2: 0 | D2: 1 | E2: 0 | F2: 6 | G2: 0 | H2: 2 | I2: 0.344167 | J2: 331 | K2: 654 | L2: 985 | M2: =YEAR(A2) -> 2011
A3: 40545 | B3: 1 | C3: 0 | D3: 1 | E3: 0 | F3: 0 | G3: 0 | H3: 2 | I3: 0.363478 | J3: 131 | K3: 670 | L3: 801 | M3: =YEAR(A3) -> 2011
A4: 40546 | B4: 1 | C4: 0 | D4: 1 | E4: 0 | F4: 1 | G4: 1 | H4: 1 | I4: 0.196364 | J4: 120 | K4: 1229 | L4: 1349 | M4: =YEAR(A4) -> 2011
A5: 40547 | B5: 1 | C5: 0 | D5: 1 | E5: 0 | F5: 2 | G5: 1 | H5: 1 | I5: 0.2 | J5: 108 | K5: 1454 | L5: 1562 | M5: =YEAR(A5) -> 2011
A6: 40548 | B6: 1 | C6: 0 | D6: 1 | E6: 0 | F6: 3 | G6: 1 | H6: 1 | I6: 0.226957 | J6: 82 | K6: 1518 | L6: 1600 | M6: =YEAR(A6) -> 2011
A7: 40549 | B7: 1 | C7: 0 | D7: 1 | E7: 0 | F7: 4 | G7: 1 | H7: 1 | I7: 0.204348 | J7: 88 | K7: 1518 | L7: 1606 | M7: =YEAR(A7) -> 2011
A8: 40550 | B8: 1 | C8: 0 | D8: 1 | E8: 0 | F8: 5 | G8: 1 | H8: 2 | I8: 0.196522 | J8: 148 | K8: 1362 | L8: 1510 | M8: =YEAR(A8) -> 2011
A9: 40551 | B9: 1 | C9: 0 | D9: 1 | E9: 0 | F9: 6 | G9: 0 | H9: 2 | I9: 0.165 | J9: 68 | K9: 891 | L9: 959 | M9: =YEAR(A9) -> 2011
A10: 40552 | B10: 1 | C10: 0 | D10: 1 | E10: 0 | F10: 0 | G10: 0 | H10: 1 | I10: 0.138333 | J10: 54 | K10: 768 | L10: 822 | M10: =YEAR(A10) -> 2011
A11: 40553 | B11: 1 | C11: 0 | D11: 1 | E11: 0 | F11: 1 | G11: 1 | H11: 1 | I11: 0.150833 | J11: 41 | K11: 1280 | L11: 1321 | M11: =YEAR(A11) -> 2011
A12: 40554 | B12: 1 | C12: 0 | D12: 1 | E12: 0 | F12: 2 | G12: 1 | H12: 2 | I12: 0.169091 | J12: 43 | K12: 1220 | L12: 1263 | M12: =YEAR(A12) -> 2011
A13: 40555 | B13: 1 | C13: 0 | D13: 1 | E13: 0 | F13: 3 | G13: 1 | H13: 1 | I13: 0.172727 | J13: 25 | K13: 1137 | L13: 1162 | M13: =YEAR(A13) -> 2011
... A732: 41274 | B732: 1 | C732: 1 | D732: 12 | E732: 0 | F732: 1 | G732: 1 | H732: 2 | I732: 0.215833 | J732: 439 | K732: 2290 | L732: 2729 | M732: =YEAR(A732) -> 2012

Sheet YoY
A1: mnth | B1: Rentals 2011 | C1: Rentals 2012 | D1: YoY growth
A2: 1 | B2: =SUMIFS(Days!$L$2:$L$732,Days!$M$2:$M$732,2011,Days!$D$2:$D$732,A2) -> 38189 | C2: =SUMIFS(Days!$L$2:$L$732,Days!$M$2:$M$732,2012,Days!$D$2:$D$732,A2) -> 96744 | D2: =C2/B2-1 -> 1.5332949
A3: 2 | B3: =SUMIFS(Days!$L$2:$L$732,Days!$M$2:$M$732,2011,Days!$D$2:$D$732,A3) -> 48215 | C3: =SUMIFS(Days!$L$2:$L$732,Days!$M$2:$M$732,2012,Days!$D$2:$D$732,A3) -> 103137 | D3: =C3/B3-1 -> 1.1391061
A4: 3 | B4: =SUMIFS(Days!$L$2:$L$732,Days!$M$2:$M$732,2011,Days!$D$2:$D$732,A4) -> 64045 | C4: =SUMIFS(Days!$L$2:$L$732,Days!$M$2:$M$732,2012,Days!$D$2:$D$732,A4) -> 164875 | D4: =C4/B4-1 -> 1.5743618
A5: 4 | B5: =SUMIFS(Days!$L$2:$L$732,Days!$M$2:$M$732,2011,Days!$D$2:$D$732,A5) -> 94870 | C5: =SUMIFS(Days!$L$2:$L$732,Days!$M$2:$M$732,2012,Days!$D$2:$D$732,A5) -> 174224 | D5: =C5/B5-1 -> 0.83644988
A6: 5 | B6: =SUMIFS(Days!$L$2:$L$732,Days!$M$2:$M$732,2011,Days!$D$2:$D$732,A6) -> 135821 | C6: =SUMIFS(Days!$L$2:$L$732,Days!$M$2:$M$732,2012,Days!$D$2:$D$732,A6) -> 195865 | D6: =C6/B6-1 -> 0.44208186
A7: 6 | B7: =SUMIFS(Days!$L$2:$L$732,Days!$M$2:$M$732,2011,Days!$D$2:$D$732,A7) -> 143512 | C7: =SUMIFS(Days!$L$2:$L$732,Days!$M$2:$M$732,2012,Days!$D$2:$D$732,A7) -> 202830 | D7: =C7/B7-1 -> 0.41333129
A8: 7 | B8: =SUMIFS(Days!$L$2:$L$732,Days!$M$2:$M$732,2011,Days!$D$2:$D$732,A8) -> 141341 | C8: =SUMIFS(Days!$L$2:$L$732,Days!$M$2:$M$732,2012,Days!$D$2:$D$732,A8) -> 203607 | D8: =C8/B8-1 -> 0.44053742
A9: 8 | B9: =SUMIFS(Days!$L$2:$L$732,Days!$M$2:$M$732,2011,Days!$D$2:$D$732,A9) -> 136691 | C9: =SUMIFS(Days!$L$2:$L$732,Days!$M$2:$M$732,2012,Days!$D$2:$D$732,A9) -> 214503 | D9: =C9/B9-1 -> 0.56925474
A10: 9 | B10: =SUMIFS(Days!$L$2:$L$732,Days!$M$2:$M$732,2011,Days!$D$2:$D$732,A10) -> 127418 | C10: =SUMIFS(Days!$L$2:$L$732,Days!$M$2:$M$732,2012,Days!$D$2:$D$732,A10) -> 218573 | D10: =C10/B10-1 -> 0.71540128
A11: 10 | B11: =SUMIFS(Days!$L$2:$L$732,Days!$M$2:$M$732,2011,Days!$D$2:$D$732,A11) -> 123511 | C11: =SUMIFS(Days!$L$2:$L$732,Days!$M$2:$M$732,2012,Days!$D$2:$D$732,A11) -> 198841 | D11: =C11/B11-1 -> 0.60990519
A12: 11 | B12: =SUMIFS(Days!$L$2:$L$732,Days!$M$2:$M$732,2011,Days!$D$2:$D$732,A12) -> 102167 | C12: =SUMIFS(Days!$L$2:$L$732,Days!$M$2:$M$732,2012,Days!$D$2:$D$732,A12) -> 152664 | D12: =C12/B12-1 -> 0.4942594
A13: 12 | B13: =SUMIFS(Days!$L$2:$L$732,Days!$M$2:$M$732,2011,Days!$D$2:$D$732,A13) -> 87323 | C13: =SUMIFS(Days!$L$2:$L$732,Days!$M$2:$M$732,2012,Days!$D$2:$D$732,A13) -> 123713 | D13: =C13/B13-1 -> 0.4167287
A14: Cả năm | B14: =SUM(B2:B13) -> 1243103 | C14: =SUM(C2:C13) -> 2049576 | D14: =C14/B14-1 -> 0.64875799

Sheet Pivot
A1: Filter
A3: Sum - cnt | B3: Year
A4: mnth | B4: 2011 | C4: 2012 | D4: Total Result
A5: 1 | B5: 38189 | C5: 96744 | D5: 134933
A6: 2 | B6: 48215 | C6: 103137 | D6: 151352
A7: 3 | B7: 64045 | C7: 164875 | D7: 228920
A8: 4 | B8: 94870 | C8: 174224 | D8: 269094
A9: 5 | B9: 135821 | C9: 195865 | D9: 331686
A10: 6 | B10: 143512 | C10: 202830 | D10: 346342
A11: 7 | B11: 141341 | C11: 203607 | D11: 344948
A12: 8 | B12: 136691 | C12: 214503 | D12: 351194
A13: 9 | B13: 127418 | C13: 218573 | D13: 345991
A14: 10 | B14: 123511 | C14: 198841 | D14: 322352
A15: 11 | B15: 102167 | C15: 152664 | D15: 254831
A16: 12 | B16: 87323 | C16: 123713 | D16: 211036
A17: Total Result | B17: 1243103 | C17: 2049576 | D17: 3292679
