Workbook

Sheet README
A1: Bài intermediate 01 — Recency và tuổi khách bằng DATEDIF, MINIFS/MAXIFS
A3: Nguồn dữ liệu | B3: Online Retail II (UCI Machine Learning Repository, Daqing Chen, 2019), https://archive.ics.uci.edu/dataset/502/online+retail+ii — giấy phép CC BY 4.0
A4: Trích mẫu | B4: Invoices: 855 hoá đơn của 120 khách chọn ngẫu nhiên (seed 5) trong cả hai sheet (bỏ phần trùng 01–09/12/2010), gộp từ dòng bằng Python: InvoiceTotal = tổng Quantity * Price của dòng hợp lệ (đơn bán) hoặc của dòng huỷ (đơn Cancel, số âm). Chỉ khách có Customer ID. Ngày hoá đơn chỉ giữ phần ngày.
A5: Giấy phép | B5: CC BY 4.0: được chia sẻ và chỉnh sửa, phải ghi nguồn như trên. Trích mẫu này chỉ để học.
A6: Quy ước | B6: Ô nền vàng là ô TODO: điền CÔNG THỨC (bắt đầu bằng =), không gõ số. Test đọc cả công thức lẫn giá trị.
A7: Lưu tệp | B7: LibreOffice: File > Save, chọn 'Use Excel 2007-365!' (giữ định dạng .xlsx). Excel: Ctrl+S.
A8: Chạy test | B8: uv run pytest <thư mục bài> -q (xem lệnh trong đề bài trên app)
A10: Việc cần làm | B10: 1. Sheet Customers: điền công thức hàng 2 các cột B–H (ô vàng), kéo xuống hết 120 khách.
B11: 2. Ô L4: tạo Data Validation (Data > Validity / Data Validation) dạng danh sách Active, At risk, Lost; L5:L7 tính theo L4.
B12: 3. Thêm Conditional Formatting cho H2:H121: ô bằng Lost thì tô nền đỏ nhạt.
B13: 4. Ngưỡng 90/180 ngày là ví dụ giả định của team CRM, không phải chuẩn ngành.
B14: 5. Lưu .xlsx rồi chạy test.

Sheet Customers
A1: Customer ID | B1: FirstPurchase | C1: LastPurchase | D1: Orders | E1: Revenue | F1: TenureMonths | G1: DaysSinceLast | H1: Segment | K1: Ngày báo cáo | L1: 40887
A2: 12352 | B2: =_xlfn.MINIFS(Invoices!$B$2:$B$856,Invoices!$C$2:$C$856,A2,Invoices!$G$2:$G$856,"Sale") -> 40494 | C2: =_xlfn.MAXIFS(Invoices!$B$2:$B$856,Invoices!$C$2:$C$856,A2,Invoices!$G$2:$G$856,"Sale") -> 40850 | D2: =COUNTIFS(Invoices!$C$2:$C$856,A2,Invoices!$G$2:$G$856,"Sale") -> 10 | E2: =SUMIFS(Invoices!$F$2:$F$856,Invoices!$C$2:$C$856,A2,Invoices!$G$2:$G$856,"Sale") -> 2849.84 | F2: =DATEDIF(B2,C2,"m") -> 11 | G2: =DATEDIF(C2,$L$1,"d") -> 37 | H2: =IF(G2<=90,"Active",IF(G2<=180,"At risk","Lost")) -> Active
A3: 12373 | B3: =_xlfn.MINIFS(Invoices!$B$2:$B$856,Invoices!$C$2:$C$856,A3,Invoices!$G$2:$G$856,"Sale") -> 40213 | C3: =_xlfn.MAXIFS(Invoices!$B$2:$B$856,Invoices!$C$2:$C$856,A3,Invoices!$G$2:$G$856,"Sale") -> 40575 | D3: =COUNTIFS(Invoices!$C$2:$C$856,A3,Invoices!$G$2:$G$856,"Sale") -> 3 | E3: =SUMIFS(Invoices!$F$2:$F$856,Invoices!$C$2:$C$856,A3,Invoices!$G$2:$G$856,"Sale") -> 1127.65 | F3: =DATEDIF(B3,C3,"m") -> 11 | G3: =DATEDIF(C3,$L$1,"d") -> 312 | H3: =IF(G3<=90,"Active",IF(G3<=180,"At risk","Lost")) -> Lost | K3: Tra cứu theo segment
A4: 12376 | B4: =_xlfn.MINIFS(Invoices!$B$2:$B$856,Invoices!$C$2:$C$856,A4,Invoices!$G$2:$G$856,"Sale") -> 40469 | C4: =_xlfn.MAXIFS(Invoices!$B$2:$B$856,Invoices!$C$2:$C$856,A4,Invoices!$G$2:$G$856,"Sale") -> 40497 | D4: =COUNTIFS(Invoices!$C$2:$C$856,A4,Invoices!$G$2:$G$856,"Sale") -> 2 | E4: =SUMIFS(Invoices!$F$2:$F$856,Invoices!$C$2:$C$856,A4,Invoices!$G$2:$G$856,"Sale") -> 503.15 | F4: =DATEDIF(B4,C4,"m") -> 0 | G4: =DATEDIF(C4,$L$1,"d") -> 390 | H4: =IF(G4<=90,"Active",IF(G4<=180,"At risk","Lost")) -> Lost | K4: Segment (chọn từ danh sách) | L4: At risk
A5: 12393 | B5: =_xlfn.MINIFS(Invoices!$B$2:$B$856,Invoices!$C$2:$C$856,A5,Invoices!$G$2:$G$856,"Sale") -> 40458 | C5: =_xlfn.MAXIFS(Invoices!$B$2:$B$856,Invoices!$C$2:$C$856,A5,Invoices!$G$2:$G$856,"Sale") -> 40814 | D5: =COUNTIFS(Invoices!$C$2:$C$856,A5,Invoices!$G$2:$G$856,"Sale") -> 6 | E5: =SUMIFS(Invoices!$F$2:$F$856,Invoices!$C$2:$C$856,A5,Invoices!$G$2:$G$856,"Sale") -> 2399.45 | F5: =DATEDIF(B5,C5,"m") -> 11 | G5: =DATEDIF(C5,$L$1,"d") -> 73 | H5: =IF(G5<=90,"Active",IF(G5<=180,"At risk","Lost")) -> Active | K5: Số khách | L5: =COUNTIF($H$2:$H$121,L4) -> 10
A6: 12397 | B6: =_xlfn.MINIFS(Invoices!$B$2:$B$856,Invoices!$C$2:$C$856,A6,Invoices!$G$2:$G$856,"Sale") -> 40751 | C6: =_xlfn.MAXIFS(Invoices!$B$2:$B$856,Invoices!$C$2:$C$856,A6,Invoices!$G$2:$G$856,"Sale") -> 40851 | D6: =COUNTIFS(Invoices!$C$2:$C$856,A6,Invoices!$G$2:$G$856,"Sale") -> 2 | E6: =SUMIFS(Invoices!$F$2:$F$856,Invoices!$C$2:$C$856,A6,Invoices!$G$2:$G$856,"Sale") -> 2409.9 | F6: =DATEDIF(B6,C6,"m") -> 3 | G6: =DATEDIF(C6,$L$1,"d") -> 36 | H6: =IF(G6<=90,"Active",IF(G6<=180,"At risk","Lost")) -> Active | K6: Doanh thu gộp (GBP) | L6: =SUMIFS($E$2:$E$121,$H$2:$H$121,L4) -> 12604.77
A7: 12499 | B7: =_xlfn.MINIFS(Invoices!$B$2:$B$856,Invoices!$C$2:$C$856,A7,Invoices!$G$2:$G$856,"Sale") -> 40326 | C7: =_xlfn.MAXIFS(Invoices!$B$2:$B$856,Invoices!$C$2:$C$856,A7,Invoices!$G$2:$G$856,"Sale") -> 40326 | D7: =COUNTIFS(Invoices!$C$2:$C$856,A7,Invoices!$G$2:$G$856,"Sale") -> 1 | E7: =SUMIFS(Invoices!$F$2:$F$856,Invoices!$C$2:$C$856,A7,Invoices!$G$2:$G$856,"Sale") -> 393.72 | F7: =DATEDIF(B7,C7,"m") -> 0 | G7: =DATEDIF(C7,$L$1,"d") -> 561 | H7: =IF(G7<=90,"Active",IF(G7<=180,"At risk","Lost")) -> Lost | K7: Doanh thu TB mỗi khách | L7: =L6/L5 -> 1260.477
A8: 12541 | B8: =_xlfn.MINIFS(Invoices!$B$2:$B$856,Invoices!$C$2:$C$856,A8,Invoices!$G$2:$G$856,"Sale") -> 40606 | C8: =_xlfn.MAXIFS(Invoices!$B$2:$B$856,Invoices!$C$2:$C$856,A8,Invoices!$G$2:$G$856,"Sale") -> 40857 | D8: =COUNTIFS(Invoices!$C$2:$C$856,A8,Invoices!$G$2:$G$856,"Sale") -> 3 | E8: =SUMIFS(Invoices!$F$2:$F$856,Invoices!$C$2:$C$856,A8,Invoices!$G$2:$G$856,"Sale") -> 981.18 | F8: =DATEDIF(B8,C8,"m") -> 8 | G8: =DATEDIF(C8,$L$1,"d") -> 30 | H8: =IF(G8<=90,"Active",IF(G8<=180,"At risk","Lost")) -> Active
A9: 12592 | B9: =_xlfn.MINIFS(Invoices!$B$2:$B$856,Invoices!$C$2:$C$856,A9,Invoices!$G$2:$G$856,"Sale") -> 40367 | C9: =_xlfn.MAXIFS(Invoices!$B$2:$B$856,Invoices!$C$2:$C$856,A9,Invoices!$G$2:$G$856,"Sale") -> 40794 | D9: =COUNTIFS(Invoices!$C$2:$C$856,A9,Invoices!$G$2:$G$856,"Sale") -> 5 | E9: =SUMIFS(Invoices!$F$2:$F$856,Invoices!$C$2:$C$856,A9,Invoices!$G$2:$G$856,"Sale") -> 2582.66 | F9: =DATEDIF(B9,C9,"m") -> 14 | G9: =DATEDIF(C9,$L$1,"d") -> 93 | H9: =IF(G9<=90,"Active",IF(G9<=180,"At risk","Lost")) -> At risk | K9: Định dạng có điều kiện: tô đỏ các ô H2:H121 có giá trị Lost (TODO)
A10: 12765 | B10: =_xlfn.MINIFS(Invoices!$B$2:$B$856,Invoices!$C$2:$C$856,A10,Invoices!$G$2:$G$856,"Sale") -> 40245 | C10: =_xlfn.MAXIFS(Invoices!$B$2:$B$856,Invoices!$C$2:$C$856,A10,Invoices!$G$2:$G$856,"Sale") -> 40414 | D10: =COUNTIFS(Invoices!$C$2:$C$856,A10,Invoices!$G$2:$G$856,"Sale") -> 6 | E10: =SUMIFS(Invoices!$F$2:$F$856,Invoices!$C$2:$C$856,A10,Invoices!$G$2:$G$856,"Sale") -> 1404.58 | F10: =DATEDIF(B10,C10,"m") -> 5 | G10: =DATEDIF(C10,$L$1,"d") -> 473 | H10: =IF(G10<=90,"Active",IF(G10<=180,"At risk","Lost")) -> Lost
A11: 12813 | B11: =_xlfn.MINIFS(Invoices!$B$2:$B$856,Invoices!$C$2:$C$856,A11,Invoices!$G$2:$G$856,"Sale") -> 40193 | C11: =_xlfn.MAXIFS(Invoices!$B$2:$B$856,Invoices!$C$2:$C$856,A11,Invoices!$G$2:$G$856,"Sale") -> 40385 | D11: =COUNTIFS(Invoices!$C$2:$C$856,A11,Invoices!$G$2:$G$856,"Sale") -> 3 | E11: =SUMIFS(Invoices!$F$2:$F$856,Invoices!$C$2:$C$856,A11,Invoices!$G$2:$G$856,"Sale") -> 1687.8 | F11: =DATEDIF(B11,C11,"m") -> 6 | G11: =DATEDIF(C11,$L$1,"d") -> 502 | H11: =IF(G11<=90,"Active",IF(G11<=180,"At risk","Lost")) -> Lost
A12: 12875 | B12: =_xlfn.MINIFS(Invoices!$B$2:$B$856,Invoices!$C$2:$C$856,A12,Invoices!$G$2:$G$856,"Sale") -> 40189 | C12: =_xlfn.MAXIFS(Invoices!$B$2:$B$856,Invoices!$C$2:$C$856,A12,Invoices!$G$2:$G$856,"Sale") -> 40743 | D12: =COUNTIFS(Invoices!$C$2:$C$856,A12,Invoices!$G$2:$G$856,"Sale") -> 5 | E12: =SUMIFS(Invoices!$F$2:$F$856,Invoices!$C$2:$C$856,A12,Invoices!$G$2:$G$856,"Sale") -> 1356.99 | F12: =DATEDIF(B12,C12,"m") -> 18 | G12: =DATEDIF(C12,$L$1,"d") -> 144 | H12: =IF(G12<=90,"Active",IF(G12<=180,"At risk","Lost")) -> At risk
A13: 12997 | B13: =_xlfn.MINIFS(Invoices!$B$2:$B$856,Invoices!$C$2:$C$856,A13,Invoices!$G$2:$G$856,"Sale") -> 40274 | C13: =_xlfn.MAXIFS(Invoices!$B$2:$B$856,Invoices!$C$2:$C$856,A13,Invoices!$G$2:$G$856,"Sale") -> 40864 | D13: =COUNTIFS(Invoices!$C$2:$C$856,A13,Invoices!$G$2:$G$856,"Sale") -> 8 | E13: =SUMIFS(Invoices!$F$2:$F$856,Invoices!$C$2:$C$856,A13,Invoices!$G$2:$G$856,"Sale") -> 2110.91 | F13: =DATEDIF(B13,C13,"m") -> 19 | G13: =DATEDIF(C13,$L$1,"d") -> 23 | H13: =IF(G13<=90,"Active",IF(G13<=180,"At risk","Lost")) -> Active
A14: 13085 | B14: =_xlfn.MINIFS(Invoices!$B$2:$B$856,Invoices!$C$2:$C$856,A14,Invoices!$G$2:$G$856,"Sale") -> 40148 | C14: =_xlfn.MAXIFS(Invoices!$B$2:$B$856,Invoices!$C$2:$C$856,A14,Invoices!$G$2:$G$856,"Sale") -> 40729 | D14: =COUNTIFS(Invoices!$C$2:$C$856,A14,Invoices!$G$2:$G$856,"Sale") -> 8 | E14: =SUMIFS(Invoices!$F$2:$F$856,Invoices!$C$2:$C$856,A14,Invoices!$G$2:$G$856,"Sale") -> 2433.28 | F14: =DATEDIF(B14,C14,"m") -> 19 | G14: =DATEDIF(C14,$L$1,"d") -> 158 | H14: =IF(G14<=90,"Active",IF(G14<=180,"At risk","Lost")) -> At risk
A15: 13215 | B15: =_xlfn.MINIFS(Invoices!$B$2:$B$856,Invoices!$C$2:$C$856,A15,Invoices!$G$2:$G$856,"Sale") -> 40484 | C15: =_xlfn.MAXIFS(Invoices!$B$2:$B$856,Invoices!$C$2:$C$856,A15,Invoices!$G$2:$G$856,"Sale") -> 40484 | D15: =COUNTIFS(Invoices!$C$2:$C$856,A15,Invoices!$G$2:$G$856,"Sale") -> 1 | E15: =SUMIFS(Invoices!$F$2:$F$856,Invoices!$C$2:$C$856,A15,Invoices!$G$2:$G$856,"Sale") -> 81.6 | F15: =DATEDIF(B15,C15,"m") -> 0 | G15: =DATEDIF(C15,$L$1,"d") -> 403 | H15: =IF(G15<=90,"Active",IF(G15<=180,"At risk","Lost")) -> Lost
A16: 13233 | B16: =_xlfn.MINIFS(Invoices!$B$2:$B$856,Invoices!$C$2:$C$856,A16,Invoices!$G$2:$G$856,"Sale") -> 40192 | C16: =_xlfn.MAXIFS(Invoices!$B$2:$B$856,Invoices!$C$2:$C$856,A16,Invoices!$G$2:$G$856,"Sale") -> 40812 | D16: =COUNTIFS(Invoices!$C$2:$C$856,A16,Invoices!$G$2:$G$856,"Sale") -> 4 | E16: =SUMIFS(Invoices!$F$2:$F$856,Invoices!$C$2:$C$856,A16,Invoices!$G$2:$G$856,"Sale") -> 1176.46 | F16: =DATEDIF(B16,C16,"m") -> 20 | G16: =DATEDIF(C16,$L$1,"d") -> 75 | H16: =IF(G16<=90,"Active",IF(G16<=180,"At risk","Lost")) -> Active
A17: 13285 | B17: =_xlfn.MINIFS(Invoices!$B$2:$B$856,Invoices!$C$2:$C$856,A17,Invoices!$G$2:$G$856,"Sale") -> 40262 | C17: =_xlfn.MAXIFS(Invoices!$B$2:$B$856,Invoices!$C$2:$C$856,A17,Invoices!$G$2:$G$856,"Sale") -> 40863 | D17: =COUNTIFS(Invoices!$C$2:$C$856,A17,Invoices!$G$2:$G$856,"Sale") -> 6 | E17: =SUMIFS(Invoices!$F$2:$F$856,Invoices!$C$2:$C$856,A17,Invoices!$G$2:$G$856,"Sale") -> 3364.59 | F17: =DATEDIF(B17,C17,"m") -> 19 | G17: =DATEDIF(C17,$L$1,"d") -> 24 | H17: =IF(G17<=90,"Active",IF(G17<=180,"At risk","Lost")) -> Active
A18: 13315 | B18: =_xlfn.MINIFS(Invoices!$B$2:$B$856,Invoices!$C$2:$C$856,A18,Invoices!$G$2:$G$856,"Sale") -> 40197 | C18: =_xlfn.MAXIFS(Invoices!$B$2:$B$856,Invoices!$C$2:$C$856,A18,Invoices!$G$2:$G$856,"Sale") -> 40197 | D18: =COUNTIFS(Invoices!$C$2:$C$856,A18,Invoices!$G$2:$G$856,"Sale") -> 1 | E18: =SUMIFS(Invoices!$F$2:$F$856,Invoices!$C$2:$C$856,A18,Invoices!$G$2:$G$856,"Sale") -> 310.26 | F18: =DATEDIF(B18,C18,"m") -> 0 | G18: =DATEDIF(C18,$L$1,"d") -> 690 | H18: =IF(G18<=90,"Active",IF(G18<=180,"At risk","Lost")) -> Lost
A19: 13382 | B19: =_xlfn.MINIFS(Invoices!$B$2:$B$856,Invoices!$C$2:$C$856,A19,Invoices!$G$2:$G$856,"Sale") -> 40155 | C19: =_xlfn.MAXIFS(Invoices!$B$2:$B$856,Invoices!$C$2:$C$856,A19,Invoices!$G$2:$G$856,"Sale") -> 40606 | D19: =COUNTIFS(Invoices!$C$2:$C$856,A19,Invoices!$G$2:$G$856,"Sale") -> 5 | E19: =SUMIFS(Invoices!$F$2:$F$856,Invoices!$C$2:$C$856,A19,Invoices!$G$2:$G$856,"Sale") -> 1387.58 | F19: =DATEDIF(B19,C19,"m") -> 14 | G19: =DATEDIF(C19,$L$1,"d") -> 281 | H19: =IF(G19<=90,"Active",IF(G19<=180,"At risk","Lost")) -> Lost
A20: 13498 | B20: =_xlfn.MINIFS(Invoices!$B$2:$B$856,Invoices!$C$2:$C$856,A20,Invoices!$G$2:$G$856,"Sale") -> 40156 | C20: =_xlfn.MAXIFS(Invoices!$B$2:$B$856,Invoices!$C$2:$C$856,A20,Invoices!$G$2:$G$856,"Sale") -> 40156 | D20: =COUNTIFS(Invoices!$C$2:$C$856,A20,Invoices!$G$2:$G$856,"Sale") -> 1 | E20: =SUMIFS(Invoices!$F$2:$F$856,Invoices!$C$2:$C$856,A20,Invoices!$G$2:$G$856,"Sale") -> 327.38 | F20: =DATEDIF(B20,C20,"m") -> 0 | G20: =DATEDIF(C20,$L$1,"d") -> 731 | H20: =IF(G20<=90,"Active",IF(G20<=180,"At risk","Lost")) -> Lost
A21: 13575 | B21: =_xlfn.MINIFS(Invoices!$B$2:$B$856,Invoices!$C$2:$C$856,A21,Invoices!$G$2:$G$856,"Sale") -> 40710 | C21: =_xlfn.MAXIFS(Invoices!$B$2:$B$856,Invoices!$C$2:$C$856,A21,Invoices!$G$2:$G$856,"Sale") -> 40863 | D21: =COUNTIFS(Invoices!$C$2:$C$856,A21,Invoices!$G$2:$G$856,"Sale") -> 5 | E21: =SUMIFS(Invoices!$F$2:$F$856,Invoices!$C$2:$C$856,A21,Invoices!$G$2:$G$856,"Sale") -> 732.07 | F21: =DATEDIF(B21,C21,"m") -> 5 | G21: =DATEDIF(C21,$L$1,"d") -> 24 | H21: =IF(G21<=90,"Active",IF(G21<=180,"At risk","Lost")) -> Active
... A121: 18259 | B121: =_xlfn.MINIFS(Invoices!$B$2:$B$856,Invoices!$C$2:$C$856,A121,Invoices!$G$2:$G$856,"Sale") -> 40155 | C121: =_xlfn.MAXIFS(Invoices!$B$2:$B$856,Invoices!$C$2:$C$856,A121,Invoices!$G$2:$G$856,"Sale") -> 40862 | D121: =COUNTIFS(Invoices!$C$2:$C$856,A121,Invoices!$G$2:$G$856,"Sale") -> 7 | E121: =SUMIFS(Invoices!$F$2:$F$856,Invoices!$C$2:$C$856,A121,Invoices!$G$2:$G$856,"Sale") -> 3941.9 | F121: =DATEDIF(B121,C121,"m") -> 23 | G121: =DATEDIF(C121,$L$1,"d") -> 25 | H121: =IF(G121<=90,"Active",IF(G121<=180,"At risk","Lost")) -> Active

Sheet Invoices
A1: Invoice | B1: InvoiceDate | C1: Customer ID | D1: Country | E1: Lines | F1: InvoiceTotal | G1: Type
A2: 489434 | B2: 40148 | C2: 13085 | D2: United Kingdom | E2: 8 | F2: 505.3 | G2: Sale
A3: 489435 | B3: 40148 | C3: 13085 | D3: United Kingdom | E3: 4 | F3: 145.8 | G3: Sale
A4: 489582 | B4: 40148 | C4: 14543 | D4: United Kingdom | E4: 9 | F4: 293.95 | G4: Sale
A5: 489688 | B5: 40149 | C5: 14894 | D5: United Kingdom | E5: 3 | F5: 299.7 | G5: Sale
A6: 489725 | B6: 40149 | C6: 17949 | D6: United Kingdom | E6: 1 | F6: 216 | G6: Sale
A7: 489726 | B7: 40149 | C7: 17949 | D7: United Kingdom | E7: 1 | F7: 750 | G7: Sale
A8: 489727 | B8: 40149 | C8: 17949 | D8: United Kingdom | E8: 1 | F8: 900 | G8: Sale
A9: 489891 | B9: 40149 | C9: 15482 | D9: United Kingdom | E9: 6 | F9: 181.08 | G9: Sale
A10: 489910 | B10: 40150 | C10: 15482 | D10: United Kingdom | E10: 1 | F10: 144 | G10: Sale
A11: 490002 | B11: 40150 | C11: 17322 | D11: United Kingdom | E11: 28 | F11: 114.55 | G11: Sale
A12: 490019 | B12: 40150 | C12: 17581 | D12: United Kingdom | E12: 15 | F12: 308.6 | G12: Sale
A13: 490020 | B13: 40150 | C13: 17581 | D13: United Kingdom | E13: 3 | F13: 37.8 | G13: Sale
... A856: 581582 | B856: 40886 | C856: 17581 | D856: United Kingdom | E856: 2 | F856: 29.88 | G856: Sale
